school_code,case_number,report_datetime,occurred_datetime,location,latitude,longitude,description,disposition,narrative
001825,2026PU00263,2026-02-26T12:08:00.000000Z,2026-02-25T15:00:00.000000Z,"Pao Hall, West Lafayette",40.4225322,-86.9129705,Theft,Nothing Further,
001825,2026PU00264,2026-02-26T14:46:00.000000Z,2026-02-24T20:00:00.000000Z,"CoRec, West Lafayette",40.4282417,-86.9223556,Theft,Under Investigation,
001825,2026PU00265,2026-02-26T15:20:00.000000Z,2026-02-25T17:28:00.000000Z,"Phi Gamma Delta, West Lafayette",40.4311348,-86.9187224,Fraud,Under Investigation,
001825,2026PU00266,2026-02-26T16:06:00.000000Z,2026-02-24T14:37:00.000000Z,"Earhart Hall, West Lafayette",40.4257267,-86.9248279,Theft,Under Investigation,
001825,2026PU00268,2026-02-26T19:27:00.000000Z,2026-02-26T16:50:00.000000Z,"CoRec, West Lafayette",40.4282417,-86.9223556,Theft,Unfounded,
001825,2026PU00260,2026-02-25T16:42:00.000000Z,2026-02-25T16:40:00.000000Z,"Aspire Apts, West Lafayette",40.423625,-86.9246719,Battery,Referred For Internal Disciplinary Review,
001825,CAD# 2026-027772,2026-02-21T01:31:00.000000Z,2026-02-21T01:31:00.000000Z,"N Grant St/North St, West Lafayette",40.4258194,-86.9103469,Drug Law Violation,Documented In 2026Wl00390,
001825,CAD# 2026-028256,2026-02-21T20:55:00.000000Z,2026-02-21T20:55:00.000000Z,"S River Rd/Bowen Dr, West Lafayette",40.4098422,-86.9151755,Operating While Intoxicated,Documented In 2026Wl00394,
001825,CSA,2026-02-25T14:45:00.000000Z,2026-02-25T10:30:00.000000Z,"On-Campus Grounds, West Lafayette",40.4258686,-86.9080655,Stalking,Nothing Further,
001825,CSA,2026-02-25T16:22:00.000000Z,2026-02-25T11:10:00.000000Z,"Hillenbrand Hall, West Lafayette",40.4268796,-86.9264344,Theft,Nothing Further,
001825,2026PU00245,2026-02-24T13:13:00.000000Z,2026-02-22T03:00:00.000000Z,"Tarkington Hall, West Lafayette",40.43082,-86.920727,Criminal Mischief,Under Investigation,
001825,2026PU00246,2026-02-24T13:15:00.000000Z,2025-12-19T17:00:00.000000Z,"Wilmeth Active Learning Center, West Lafayette",40.4273666,-86.9131699,Theft-Bike,Under Investigation,
001825,2026PU00247,2026-02-24T13:27:00.000000Z,2026-02-24T13:12:00.000000Z,"Hilltop Apts, West Lafayette",40.4338794,-86.9217225,Hit & Run,Unfounded,
001825,2026PU00248,2026-02-24T17:37:00.000000Z,2026-02-23T18:00:00.000000Z,"Hilltop Apts, West Lafayette",40.4338794,-86.9217225,Fraud,Under Investigation,
001825,2026PU00251,2026-02-25T01:37:00.000000Z,2026-02-25T00:53:00.000000Z,"Sheetz St/ Mitch Daniels Blvd, West Lafayette",40.4240179,-86.9122325,Drug Law Violation,Arrest Made,
001825,2026PU00253,2026-02-25T05:21:00.000000Z,2026-02-25T05:00:00.000000Z,"Owen Hall, West Lafayette",40.4322429,-86.9207113,Criminal Mischief,Under Investigation,
001825,CAD# 2026-029277,2026-02-23T21:27:00.000000Z,2026-02-23T21:27:00.000000Z,"Hilltop Apts, West Lafayette",40.4338794,-86.9217225,Drug Law Violation,Nothing Further,
001825,CAD# 2026-029471,2026-02-24T09:22:00.000000Z,2026-02-24T09:22:00.000000Z,"University St Parking Garage, West Lafayette",40.426561,-86.9172861,Reckless Driver,Nothing Further,
001825,CSA,2026-02-24T23:38:00.000000Z,2026-02-24T20:20:00.000000Z,"Unknown Campus Parking Garage, West Lafayette",40.4258686,-86.9080655,Stalking,Nothing Further,
001825,2026PU00241,2026-02-23T10:09:00.000000Z,2026-02-23T09:42:00.000000Z,"Lilly Building, West Lafayette",40.42406,-86.91716,Stalking,Under Investigation,
001825,2026PU00242,2026-02-23T13:06:00.000000Z,2026-02-22T18:30:00.000000Z,"CoRec, West Lafayette",40.4282417,-86.9223556,Theft,Under Investigation,
001825,2026PU00243,2026-02-20T22:10:00.000000Z,2026-02-20T21:53:00.000000Z,"Mackey Arena, West Lafayette",40.4333173,-86.9161119,Battery,Nothing Further,
001825,2026PU00244,2026-02-23T21:35:00.000000Z,2026-02-23T21:06:00.000000Z,"Frieda Parker Hall, West Lafayette",40.428475,-86.919535,Fraud,Under Investigation,
001825,CAD# 2026-027623,2026-02-20T19:23:00.000000Z,2026-02-20T19:23:00.000000Z,"Frieda Parker Hall, West Lafayette",40.428475,-86.919535,Drug Law Violation,Nothing Further,
001825,CAD# 2026-027639,2026-02-20T20:04:00.000000Z,2026-02-20T20:04:00.000000Z,"Wiley Hall, West Lafayette",40.4294753,-86.9207055,Drug Law Violation,Nothing Further,
001825,CAD# 2026-028307,2026-02-21T22:27:00.000000Z,2026-02-21T22:27:00.000000Z,"Hawkins Graduate House, West Lafayette",40.4250669,-86.9187976,Drug Law Violation,Nothing Further,
001825,CAD# 2026-028326,2026-02-21T22:54:00.000000Z,2026-02-21T22:54:00.000000Z,"Purdue West, West Lafayette",40.4249933,-86.9296784,Drug Law Violation,Nothing Further,
001825,CSA,2026-02-23T11:30:00.000000Z,2026-02-21T03:00:00.000000Z,"Zeta Tau Alpha, West Lafayette",40.425718,-86.917531,Dating Violence,Nothing Further,
001825,2026PU00224,2026-02-20T13:09:00.000000Z,2026-02-18T17:50:00.000000Z,"900 Blk Cary Dr, West Lafayette",40.4258686,-86.9080655,Hit & Run,Suspended,
001825,2026PU00225,2026-02-20T13:52:00.000000Z,2026-02-11T08:34:00.000000Z,"Owen Hall, West Lafayette",40.4322429,-86.9207113,Fraud,Suspended,
001825,2026PU00227,2026-02-21T00:43:00.000000Z,2026-02-21T00:21:00.000000Z,"Wiley Hall, West Lafayette",40.4294753,-86.9207055,Minor Consumption/ Drug Law Violation,Referred For Internal Disciplinary Review,
001825,2026PU00229,2026-02-22T00:52:00.000000Z,2026-02-22T00:27:00.000000Z,"Northwestern Ave/ W Stadium Ave, West Lafayette",40.4313682,-86.9139577,Driving While Suspended,Arrest Made,
001825,2026PU00230,2026-02-22T04:11:00.000000Z,2026-02-22T03:45:00.000000Z,"Aspire Apts, West Lafayette",40.423625,-86.9246719,Minor Consumption,Referred For Internal Disciplinary Review,
001825,2026PU00231,2026-02-22T04:37:00.000000Z,2026-02-22T04:17:00.000000Z,"Purdue Memorial Union, West Lafayette",40.4247235,-86.9105532,Public Intoxication,Referred For Internal Disciplinary Review,
001825,2026PU00232,2026-02-22T12:52:00.000000Z,2026-02-22T02:30:00.000000Z,"1st St Towers, West Lafayette",40.4252713,-86.9208884,Theft,Pending Prosecutor Review,
001825,2026PU00233,2026-02-22T13:19:00.000000Z,2026-02-11T19:54:00.000000Z,"1200 Blk 1st St, West Lafayette",40.4253186,-86.9233665,Invasion of Privacy,Pending Prosecutor Review,
001825,2026PU00235,2026-02-22T19:37:00.000000Z,2026-02-22T18:30:00.000000Z,"Earhart Hall, West Lafayette",40.4257267,-86.9248279,Theft,Under Investigation,
001825,2026PU00237,2026-02-22T20:59:00.000000Z,2026-02-22T20:56:00.000000Z,"Stewart Center, West Lafayette",40.4250554,-86.9129485,Theft,Under Investigation,
001825,2026PU00238,2026-02-22T23:20:00.000000Z,2026-02-20T16:00:00.000000Z,"100 Blk N Russell St, West Lafayette",40.4252223,-86.9191247,Hit & Run,Under Investigation,
001825,2026PU00239,2026-02-23T01:59:00.000000Z,2026-02-22T17:54:00.000000Z,"200 Blk McCutcheon Dr, West Lafayette",40.4260993,-86.9289531,Hit & Run,Suspended,
001825,CAD# 2026-026855,2026-02-19T12:55:00.000000Z,2026-02-19T12:55:00.000000Z,"500 Blk Waldron St, West Lafayette",40.4292914,-86.9179599,Burglary,Nothing Further,
001825,2026PU00221,2026-02-20T01:16:00.000000Z,2026-02-20T00:53:00.000000Z,"Pi Beta Phi, West Lafayette",40.4245452,-86.9187504,Minro Consumption,Referred For Internal Disciplinary Review,
001825,CAD# 2026-026504,2026-02-18T21:10:00.000000Z,2026-02-18T21:10:00.000000Z,"Hawkins Hall, West Lafayette",40.4228211,-86.9117542,Drug Law Violation,Nothing Further,
001825,2026PU00215,2026-02-18T19:16:00.000000Z,2026-02-18T18:46:00.000000Z,"Meredith South, West Lafayette",40.4255452,-86.9233567,Fraud/ Intimidation,Under Investigation,
001825,2026PU00217,2026-02-18T23:59:00.000000Z,2026-02-18T22:30:00.000000Z,"Wiley Hall, West Lafayette",40.4294753,-86.9207055,Battery,Unfounded,
001825,2026PU00218,2026-02-19T00:22:00.000000Z,2026-02-18T23:57:00.000000Z,"Harrison Hall, West Lafayette",40.4248226,-86.9266029,Theft-Bike,Under Investigation,
001825,2026PU00219,2026-02-19T00:33:00.000000Z,2026-02-19T00:11:00.000000Z,"Purdue West, West Lafayette",40.4249933,-86.9296784,Drug Law Violation,Referred For Internal Disciplinary Review,
001825,2026PU00211,2026-02-07T16:40:00.000000Z,2026-02-06T10:30:00.000000Z,"Hawkins Hall, West Lafayette",40.4228211,-86.9117542,Identity Theft,Under Investigation,
001825,2026PU00213,2026-02-17T20:51:00.000000Z,2026-02-17T15:36:00.000000Z,"Meredith Hall, West Lafayette",40.4263027,-86.9232639,Intimidation/ Fraud,Under Investigation,
001825,CAD# 2026-025455,2026-02-17T00:46:00.000000Z,2026-02-17T00:46:00.000000Z,"Kappa Sigma, West Lafayette",40.426031,-86.909115,Hit & Run,Nothing Further,
001825,2026PU00205,2026-02-16T10:41:00.000000Z,2026-02-16T09:12:00.000000Z,"CoRec, West Lafayette",40.4282417,-86.9223556,Theft,Under Investigation,
001825,2026PU00206,2026-02-16T11:05:00.000000Z,2026-02-12T17:45:00.000000Z,"4th St/N University St, West Lafayette",40.4282685,-86.9166632,Hit & Run,Under Investigation,
001825,2026PU00209,2026-02-16T21:40:00.000000Z,2026-02-16T20:57:00.000000Z,"N Martin Jischke Dr/Mitch Daniels Blvd, West Lafayette",40.424254,-86.9217274,Hit & Run,Under Investigation,
001825,2026PU00210,2026-02-17T02:03:00.000000Z,2026-02-17T01:48:00.000000Z,"Cherry Ln/US HWY 231 N, West Lafayette",40.438732,-86.9319647,Operating Without Ever Receiving a License,Arrest Made,
001825,CAD# 2026-024719,2026-02-15T17:45:00.000000Z,2026-02-15T17:45:00.000000Z,"500 Blk Northwestern Ave, West Lafayette",40.4297917,-86.9113612,Reckless Driver,Nothing Further,
001825,CAD# 2026-024900,2026-02-16T00:17:00.000000Z,2026-02-16T00:17:00.000000Z,"Meredith South Hall, West Lafayette",40.4255452,-86.9233567,Drug Law Violation,Nothing Further,
001825,2026PU00196,2026-02-13T09:25:00.000000Z,2026-01-26T01:46:00.000000Z,"Honors College North, West Lafayette",40.4271263,-86.9196382,Theft,Pending Prosecutor Review,
001825,2026PU00197,2026-02-13T11:30:00.000000Z,2026-02-03T10:00:00.000000Z,"Owen Hall, West Lafayette",40.4322429,-86.9207113,Theft,Pending Prosecutor Review,
001825,2026PU00198,2026-02-13T15:24:00.000000Z,2026-02-12T15:03:00.000000Z,"Earhart Hall, West Lafayette",40.4257267,-86.9248279,Theft,Under Investigation,
001825,2026PU00199,2026-02-14T01:21:00.000000Z,2026-02-14T00:20:00.000000Z,"US 231/ S River Rd, West Lafayette",40.4080575,-86.9200355,Operating While Intoxicated,Arrest Made,
001825,2026PU00200,2026-02-14T23:23:00.000000Z,2026-02-14T22:47:00.000000Z,"McCutcheon Hall, West Lafayette",40.4246695,-86.9280938,Drug Law Violation,Arrest Made,
001825,2026PU00201,2026-02-14T23:47:00.000000Z,2026-02-14T22:59:00.000000Z,"US 231/ S Martin Jischke Dr, West Lafayette",40.4170187,-86.9244316,Driving Never Receiving License,Arrest Made,
001825,2026PU00202,2026-02-15T00:53:00.000000Z,2026-02-15T00:35:00.000000Z,"Owen Hall, West Lafayette",40.4322429,-86.9207113,Minor Consumption,Referred For Internal Disciplinary Review,
001825,2026PU00204,2026-02-15T19:16:00.000000Z,2026-02-15T18:52:00.000000Z,"Northwestern Ave/ Northridge Dr, West Lafayette",40.4368595,-86.9156594,Drug Law Violation/ Driving While Suspended,Arrest Made,
001825,CAD# 2026-023631,2026-02-13T15:23:00.000000Z,2026-02-13T15:23:00.000000Z,"Tarkington Hall, West Lafayette",40.43082,-86.920727,Drug Law Violation,Nothing Further,
001825,CAD# 2026-023674,2026-02-13T16:59:00.000000Z,2026-02-13T16:59:00.000000Z,"US HWY 231 S/S River Rd, West Lafayette",40.4080575,-86.9200355,Driving While Suspended,Documented In 2026Wl00334,
001825,CAD# 2026-023763,2026-02-13T20:25:00.000000Z,2026-02-13T20:25:00.000000Z,"3rd & West, West Lafayette",40.4099275,-86.8945973,Theft,Nothing Further,
001825,CAD# 2026-024036,2026-02-14T11:12:00.000000Z,2026-02-14T11:12:00.000000Z,"US HWY 231 S/S River Rd, West Lafayette",40.4080575,-86.9200355,Driving While Suspended,Documented In 2026Wl00341,
001825,CAD# 2026-024066,2026-02-14T12:10:00.000000Z,2026-02-14T12:10:00.000000Z,"US HWY 231 S/S River Rd, West Lafayette",40.4080575,-86.9200355,Driving While Suspended,Documented In 2026Wl00343,
001825,2026PU00187,2026-02-12T12:05:00.000000Z,2026-02-11T08:00:00.000000Z,"Shreve Hall, West Lafayette",40.4269878,-86.9246771,Criminal Mischief,Suspended,
001825,2026PU00188,2026-02-12T12:05:00.000000Z,2026-02-11T10:56:00.000000Z,"Hawkins Hall, West Lafayette",40.4228211,-86.9117542,Theft,Under Investigation,
001825,2026PU00189,2026-02-12T13:41:00.000000Z,2026-02-02T02:45:00.000000Z,"Russell 414, West Lafayette",40.4289054,-86.9188754,Fraud,Under Investigation,
001825,2026PU00190,2026-02-12T17:01:00.000000Z,2025-10-07T21:00:00.000000Z,"Honors College North, West Lafayette",40.4271263,-86.9196382,Theft-Bike,Suspended,
001825,2026PU00191,2026-02-12T17:44:00.000000Z,2026-02-12T15:45:00.000000Z,"3rd & West Apts, West Lafayette",40.4258686,-86.9080655,Theft,Under Investigation,
001825,2026PU00192,2026-02-12T18:50:00.000000Z,2026-02-12T18:28:00.000000Z,"3rd & West Apts, West Lafayette",40.4258686,-86.9080655,Blackmail,Suspended,
001825,2026PU00194,2026-02-13T03:05:00.000000Z,2026-02-13T01:35:00.000000Z,"500 Blk Northwestern Ave, West Lafayette",40.4297917,-86.9113612,Operating While Intoxicated,Arrest Made,
001825,2026PU00182,2026-02-11T11:47:00.000000Z,2026-01-17T22:54:00.000000Z,"1100 Blk 3rd St, West Lafayette",40.4275236,-86.9195125,Theft/ Criminal Mischief,Referred For Internal Disciplinary Review,
001825,2026PU00183,2026-02-11T19:25:00.000000Z,2026-02-04T18:00:00.000000Z,"Wilmeth Active Learning Center, West Lafayette",40.4273666,-86.9131699,Theft,Under Investigation,
001825,2026PU00176,2026-02-10T14:19:00.000000Z,2026-02-08T03:05:00.000000Z,"Honors College North, West Lafayette",40.4271263,-86.9196382,Theft,Arrest Made,
001825,2026PU00177,2026-02-10T16:23:00.000000Z,2026-02-07T15:59:00.000000Z,"Aspire Apts, West Lafayette",40.423625,-86.9246719,Fraud,Under Investigation,
001825,2026PU00178,2026-02-10T16:59:00.000000Z,2026-02-09T20:44:00.000000Z,"3rd & West Apts, West Lafayette",40.4258686,-86.9080655,Theft,Under Investigation,
001825,CAD# 2026-021388,2026-02-09T17:03:00.000000Z,2026-02-09T17:03:00.000000Z,"University St Parking Garage, West Lafayette",40.426561,-86.9172861,Hit & Run,Nothing Further,
001825,2026PU00169,2026-02-09T08:43:00.000000Z,2025-08-21T00:00:00.000000Z,"Krannert Center, West Lafayette",40.4235193,-86.9109128,Theft-EMPV,Under Investigation,
001825,2026PU00171,2026-02-09T19:50:00.000000Z,2026-02-09T01:00:00.000000Z,"Grant St Garage, West Lafayette",40.4252242,-86.9097224,Theft-Vehicle,Suspended,
001825,2026PU00172,2026-02-09T21:36:00.000000Z,2026-02-08T16:00:00.000000Z,"Purdue Memorial Union, West Lafayette",40.4247235,-86.9105532,Theft,Under Investigation,
001825,2026PU00173,2026-02-10T05:20:00.000000Z,2026-02-10T05:20:00.000000Z,"Beering Hall, West Lafayette",40.4255532,-86.9163163,Criminal Mischief,Suspended,
001825,CAD# 2026-020989,2026-02-08T23:11:00.000000Z,2026-02-08T23:11:00.000000Z,"500 Blk US HWY 231 S, West Lafayette",39.5197639,-86.7955061,Reckless Driver,Nothing Further,
001825,CAD# 2026-021346,2026-02-09T15:30:00.000000Z,2026-02-09T15:30:00.000000Z,"Northwestern Ave/Lindberg Rd, West Lafayette",40.446016,-86.9217594,Reckless Driver,Nothing Further,
001825,2026PU00154,2026-02-06T11:32:00.000000Z,2026-02-06T10:30:00.000000Z,"Hawkins Hall, West Lafayette",40.4228211,-86.9117542,Fraud,Under Investigation,
001825,2026PU00156,2026-02-06T14:33:00.000000Z,2026-02-06T13:38:00.000000Z,"900 Blk Mitch Daniels Blvd, West Lafayette",40.4244593,-86.9170137,Driving While Suspended,Arrest Made,
001825,2026PU00157,2026-02-06T16:05:00.000000Z,2026-02-05T17:37:00.000000Z,"CoRec, West Lafayette",40.4282417,-86.9223556,Theft,Closed,
001825,2026PU00158,2026-02-06T19:57:00.000000Z,2026-02-06T12:00:00.000000Z,"Academy Park, West Lafayette",40.425884,-86.9119301,Theft-Bike,Under Investigation,
001825,2026PU00160,2026-02-07T01:05:00.000000Z,2026-02-07T01:00:00.000000Z,"Wade Power Plant, West Lafayette",40.4258686,-86.9080655,Trespass/ Minor Consumption/ Public Intoxication,Arrest Made,
001825,2026PU00162,2026-02-07T19:53:00.000000Z,2026-02-07T19:27:00.000000Z,"Hawkins Hall, West Lafayette",40.4228211,-86.9117542,Theft,Under Investigation,
001825,2026PU00163,2026-02-08T00:18:00.000000Z,2026-02-08T00:02:00.000000Z,"McCutcheon Hall, West Lafayette",40.4246695,-86.9280938,Minor Consumption,Referred For Internal Disciplinary Review,
001825,2026PU00164,2026-02-08T01:48:00.000000Z,2026-02-08T01:26:00.000000Z,"Acacia House, West Lafayette",40.4250669,-86.9187976,Battery/ Minor Consumption/ Criminal Mischief,Closed,
001825,2026PU00167,2026-02-08T12:15:00.000000Z,2026-02-07T22:00:00.000000Z,"Aspire Apts., West Lafayette",40.423625,-86.9246719,Hit & Run,Suspended,
001825,CAD# 2026-019526,2026-02-05T22:50:00.000000Z,2026-02-05T22:50:00.000000Z,"Frieda Parker Hall, West Lafayette",40.428475,-86.919535,Drug Law Violation,Nothing Further,
001825,CAD# 2026-019830,2026-02-06T13:31:00.000000Z,2026-02-06T13:31:00.000000Z,"W Stadium Ave/N Russell St, West Lafayette",40.4314009,-86.9191788,Reckless Driver,Nothing Further,
001825,2 Disciplinary Referrals,2026-01-18T23:51:00.000000Z,2026-01-18T22:15:00.000000Z,"Harrison Hall, West Lafayette",40.4248226,-86.9266029,Liquor Law Violation,Judicial Review,
001825,1 Disciplinary Referral,2026-01-22T11:31:00.000000Z,2026-01-21T23:47:00.000000Z,"Wiley Hall, West Lafayette",40.4294753,-86.9207055,Drug Law Violation,Judicial Review,
001825,3 Disciplinary Referrals,2026-01-23T16:18:00.000000Z,2026-01-23T13:30:00.000000Z,"3rd and West apts., West Lafayette",40.4264126,-86.9084198,Liquor Law Violation,Judicial Review,
001825,3 Disciplinary Referrals,2026-01-24T03:03:00.000000Z,2026-01-24T03:00:00.000000Z,"Tarkington Hall, West Lafayette",40.43082,-86.920727,Liquor Law Violation,Judicial Review,
001825,1 Disciplinary Referral,2026-01-26T23:48:00.000000Z,2026-01-26T20:30:00.000000Z,"Wiley Hall, West Lafayette",40.4294753,-86.9207055,Liquor Law Violation,Judicial Review,
001825,1 Disciplinary Referral,2026-01-26T23:38:00.000000Z,2026-01-26T22:30:00.000000Z,"Wiley Hall, West Lafayette",40.4294753,-86.9207055,Liquor Law Violation,Judicial Review,
001825,2 Disciplinary Referrals,2026-01-26T23:38:00.000000Z,2026-01-26T22:30:00.000000Z,"Wiley Hall, West Lafayette",40.4294753,-86.9207055,Drug Law Violation,Judicial Review,
001825,6 Disciplinary Referrals,2026-01-27T21:24:00.000000Z,2026-01-27T20:30:00.000000Z,"Winifred Parker Hall, West Lafayette",40.4278412,-86.9201552,Liquor Law Violation,Judicial Review,
001825,1 Disciplinary Referral,2026-01-27T23:44:00.000000Z,2026-01-27T21:00:00.000000Z,"Aspire Apts., West Lafayette",40.423625,-86.9246719,Liquor Law Violation,Judicial Review,
001825,2026PU00149,2026-02-05T08:12:00.000000Z,2026-02-05T03:00:00.000000Z,"Harrison Hall, West Lafayette",40.4248226,-86.9266029,Criminal Mischief/ Theft,Suspended,
001825,2026PU00150,2026-02-05T08:36:00.000000Z,2026-02-05T03:00:00.000000Z,"Harrison Hall, West Lafayette",40.4248226,-86.9266029,Theft,Suspended,
001825,2026PU00145,2026-02-04T08:30:00.000000Z,2026-02-03T08:30:00.000000Z,"Hawkins Hall, West Lafayette",40.4228211,-86.9117542,Criminal Mischief,Suspended,
001825,2026PU00146,2026-02-04T13:32:00.000000Z,2026-01-27T00:00:00.000000Z,"Krannert Center, West Lafayette",40.4235193,-86.9109128,Criminal Mischief,Suspended,
001825,CAD# 2026-018635,2026-02-04T09:36:00.000000Z,2026-02-04T09:36:00.000000Z,"800 Blk Beering Dr, West Lafayette",40.4358186,-86.9194816,Operating Without Ever Receiving a License,Documented In 2026Wl00276,
001825,2026PU00137,2026-02-03T11:54:00.000000Z,2026-01-27T12:00:00.000000Z,"Aspire Apts, West Lafayette",40.423625,-86.9246719,Theft-EMPV,Suspended,
001825,2026PU00139,2026-02-03T15:28:00.000000Z,2026-02-01T02:01:00.000000Z,"Alpha Kappa Lambda, West Lafayette",40.4286943,-86.9182764,Harassment/ Residential Entry,Under Investigation,
001825,2026PU00122,2026-02-01T02:44:00.000000Z,2026-02-01T02:01:00.000000Z,"400 Blk Waldron St, West Lafayette",40.428288,-86.9179251,Hazing/ Minor Consumption,Under Investigation,
001825,CAD# 2026-016187,2026-01-31T01:23:00.000000Z,2026-01-31T01:23:00.000000Z,"Hillenbrand Hall, West Lafayette",40.4268796,-86.9264344,Drug Law Violation,Nothing Further,
001825,CAD# 2026-016606,2026-01-31T21:15:00.000000Z,2026-01-31T21:15:00.000000Z,"Harrison St/S Chauncey Ave, West Lafayette",40.4202513,-86.9082897,Reckless Driver,Nothing Further,
001825,CAD# 2026-017058,2026-02-01T18:03:00.000000Z,2026-02-01T18:03:00.000000Z,"Northwestern Ave/N Grant St, West Lafayette",40.4280332,-86.9103841,Road Rage,Nothing Further,
001825,CAD# 2026-017549,2026-02-02T15:02:00.000000Z,2026-02-02T15:02:00.000000Z,"Northwestern Ave/N Grant St, West Lafayette",40.4280332,-86.9103841,Reckless Driver,Nothing Further,
001825,2026PU00115,2026-01-30T07:39:00.000000Z,2026-01-30T07:22:00.000000Z,"Wiley Hall, West Lafayette",40.4294753,-86.9207055,Criminal Mischief,Under Investigation,
001825,2026PU00116,2026-01-30T11:15:00.000000Z,2026-01-27T10:00:00.000000Z,"Biochemistry Building, West Lafayette",40.4227784,-86.9162757,Criminal Mischief,Suspended,
001825,2026PU00118,2026-01-30T13:29:00.000000Z,2025-09-01T08:00:00.000000Z,"Stanley Coulter, West Lafayette",40.4264038,-86.9143489,Criminal Mischief,Under Investigation,
001825,2026PU00120,2026-01-31T04:44:00.000000Z,2026-01-31T04:10:00.000000Z,"Shreve Hall, West Lafayette",40.4269878,-86.9246771,Residential Entry/ Minor Consumption,Referred For Internal Disciplinary Review,
001825,2026PU00121,2026-01-31T10:48:00.000000Z,2026-01-30T23:00:00.000000Z,"Earhart Hall, West Lafayette",40.4257267,-86.9248279,Criminal Mischief,Under Investigation,
001825,2026PU00124,2026-02-01T13:44:00.000000Z,2026-01-31T21:30:00.000000Z,"First St Towers, West Lafayette",40.4249186,-86.9245489,Minor Consumption/ Drug Law Violation,Under Investigation,
001825,2026PU00125,2026-02-01T20:03:00.000000Z,2026-02-01T11:24:00.000000Z,"Young Hall, West Lafayette",40.4227643,-86.9106962,Fraud,Under Investigation,
001825,CAD# 2026-015364,2026-01-29T16:15:00.000000Z,2026-01-29T16:15:00.000000Z,"CoRec, West Lafayette",40.4282417,-86.9223556,Theft,Nothing Further,
001825,CAD# 2026-015508,2026-01-29T21:01:00.000000Z,2026-01-29T21:01:00.000000Z,"US HWY 231 N/Lindberg Rd, West Lafayette",40.4452404,-86.9099741,Reckless Driver,Nothing Further,
001825,CSA,2026-01-30T15:30:00.000000Z,2025-02-07T00:00:00.000000Z,"On-Campus Housing, West Lafayette",40.4258686,-86.9080655,Rape,Nothing Further,
001825,2026PU00110,2026-01-29T20:56:00.000000Z,2026-01-29T15:45:00.000000Z,"Stewart Center, West Lafayette",40.4250554,-86.9129485,Theft,Unfounded,
001825,2026PU00111,2026-01-29T21:47:00.000000Z,2026-01-29T21:21:00.000000Z,"1300 Blk W Stadium Ave, West Lafayette",40.4319,-86.9261689,Drug Law Violation,Arrest Made,
001825,2026PU00112,2026-01-29T23:22:00.000000Z,2026-01-29T21:20:00.000000Z,"Meredith South, West Lafayette",40.4255452,-86.9233567,Residential Entry,Suspended,
001825,2026PU00114,2026-01-30T00:49:00.000000Z,2026-01-30T00:38:00.000000Z,"Owen Hall, West Lafayette",40.4322429,-86.9207113,Minor Consumption,Nothing Further,
001825,CAD# 2026-014956,2026-01-29T00:03:00.000000Z,2026-01-29T00:03:00.000000Z,"US HWY 231 N/Cherry Ln, West Lafayette",40.438732,-86.9319647,Reckless Driver,Nothing Further,
001825,2026PU00106,2026-01-28T20:24:00.000000Z,2026-01-28T19:00:00.000000Z,"Materials and Electrical Engineering, West Lafayette",40.4293334,-86.9127004,Theft,Under Investigation,
001825,2026PU00095,2026-01-27T12:02:00.000000Z,2026-01-23T13:00:00.000000Z,"Hagle Hall, West Lafayette",40.4271005,-86.9188353,Theft-Bike,Under Investigation,
001825,2026PU00096,2026-01-27T14:10:00.000000Z,2026-01-26T16:30:00.000000Z,"CoRec, West Lafayette",40.4282417,-86.9223556,Theft,Unfounded,
001825,2026PU00097,2026-01-27T20:29:00.000000Z,2026-01-27T19:47:00.000000Z,"Northwestern Ave/ Dodge St, West Lafayette",40.4333014,-86.9152223,Driving While Suspended,Arrest Made,
001825,2026PU00098,2026-01-28T00:16:00.000000Z,2026-01-27T09:08:00.000000Z,"Wiley Hall, West Lafayette",40.4294753,-86.9207055,Theft,Closed,
001825,2026PU00092,2026-01-26T12:05:00.000000Z,2026-01-26T12:05:00.000000Z,"Earhart Hall, West Lafayette",40.4257267,-86.9248279,Criminal Mischief,Suspended,
001825,2026PU00093,2026-01-26T17:06:00.000000Z,2026-01-14T15:30:00.000000Z,"Krannert Center, West Lafayette",40.4235193,-86.9109128,Theft,Suspended,
001825,2026PU00094,2026-01-26T23:12:00.000000Z,2026-01-26T22:34:00.000000Z,"Wiley Hall, West Lafayette",40.4294753,-86.9207055,Minor Possession/ Drug Law Violation,Nothing Further,
001825,CAD# 2026-012072,2026-01-23T17:48:00.000000Z,2026-01-23T17:48:00.000000Z,"Winifred Parker Hall, West Lafayette",40.4278412,-86.9201552,Fraud,Nothing Further,
001825,1 Disciplinary Referral,2026-01-14T13:34:00.000000Z,2026-01-14T12:45:00.000000Z,"Shreve Hall, West Lafayette",40.4269878,-86.9246771,Liquor Law Violation,Judicial Review,
001825,2 Disciplinary Referrals,2026-01-13T00:02:00.000000Z,2026-01-12T22:39:00.000000Z,"Frieda Parker Hall, West Lafayette",40.428475,-86.919535,Drug Law Violation,Judicial Review,
001825,1 Disciplinary Referral,2026-01-16T16:10:00.000000Z,2026-01-16T10:30:00.000000Z,"Hawkins Hall, West Lafayette",40.4228211,-86.9117542,Liquor Law Violation,Judicial Review,
001825,9 Disciplinary Referral,2026-01-17T01:49:00.000000Z,2026-01-16T23:15:00.000000Z,"Cary Quad, West Lafayette",40.4320142,-86.9179111,Liquor Law Violation,Judicial Review,
001825,2026PU00084,2026-01-23T08:40:00.000000Z,2026-01-23T07:25:00.000000Z,"Waldron St/ 5th St, West Lafayette",40.4292819,-86.91796,Hit & Run,Unfounded,
001825,2026PU00086,2026-01-23T16:12:00.000000Z,2026-01-23T15:42:00.000000Z,"Aspire Apts, West Lafayette",40.423625,-86.9246719,Fraud,Under Investigation,
001825,2026PU00088,2026-01-24T20:31:00.000000Z,2026-01-24T20:31:00.000000Z,"Hillenbrand Hall, West Lafayette",40.4268796,-86.9264344,Minor Consumption,Nothing Further,
001825,2026PU00079,2026-01-22T12:16:00.000000Z,2025-12-15T16:48:00.000000Z,"3rd & West, West Lafayette",40.4099275,-86.8945973,Theft,Suspended,
001825,2026PU00080,2026-01-16T11:04:00.000000Z,2026-01-16T11:04:00.000000Z,"Phi Kappa Psi, West Lafayette",40.4258686,-86.9080655,Theft-Vehicle,Unfounded,
001825,2026PU00083,2026-01-23T02:28:00.000000Z,2026-01-23T00:00:00.000000Z,"Cary Quadrangle, West Lafayette",40.4320142,-86.9179111,Theft,Unfounded,
001825,2026PU00066,2026-01-18T20:14:00.000000Z,2026-01-18T19:26:00.000000Z,"Animal Holding Facility, West Lafayette",40.4186083,-86.9141371,Harassment,Suspended,
001825,2026PU00078,2026-01-22T03:38:00.000000Z,2026-01-22T03:13:00.000000Z,"Purdue West, West Lafayette",40.4249933,-86.9296784,Drug Law Violation,Arrest Made,
001825,CAD# 2026-007796,2026-01-16T02:05:00.000000Z,2026-01-16T02:05:00.000000Z,"Northwestern Ave/Lindberg Rd, West Lafayette",40.446016,-86.9217594,Public Intoxication,Documented In 2026Wl00109,
001825,CAD# 2026-010484,2026-01-20T22:29:00.000000Z,2026-01-20T22:29:00.000000Z,"Mitch Daniels Blvd/S Grant St, West Lafayette",40.4239887,-86.9103412,Reckless Driver,Nothing Further,
001825,CAD# 2026-008432,2026-01-17T01:07:00.000000Z,2026-01-17T01:07:00.000000Z,"S River Rd/Ahlers Dr, West Lafayette",40.416321,-86.9081474,Operating While Intoxicated,Documented In 2026Wl00121,
001825,CAD# 2026-010078,2026-01-20T11:24:00.000000Z,2026-01-20T11:24:00.000000Z,"US HWY 231 S/S River Rd, West Lafayette",40.4080575,-86.9200355,Reckless Driver,Nothing Further,
001825,2026PU00050,2026-01-16T09:39:00.000000Z,2026-01-15T19:30:00.000000Z,"Wilmeth Active Learning Center, West Lafayette",40.4273666,-86.9131699,Theft-Bike,Suspended,
001825,2026PU00053,2026-01-16T20:11:00.000000Z,2025-12-12T22:15:00.000000Z,"Math Building, West Lafayette",40.4261431,-86.9158915,Burglary,Under Investigation,
001825,2026PU00054,2026-01-16T23:50:00.000000Z,2026-01-16T23:34:00.000000Z,"Meredith South, West Lafayette",40.4255452,-86.9233567,Minor Consumption,Nothing Further,
001825,2026PU00058,2026-01-17T20:40:00.000000Z,2026-01-17T20:09:00.000000Z,"Cary Quadrangle, West Lafayette",40.4320142,-86.9179111,Drug Law Violations,Closed,
001825,2026PU00059,2026-01-17T22:39:00.000000Z,2026-01-17T19:45:00.000000Z,"Shreve Hall, West Lafayette",40.4269878,-86.9246771,Minor Consumption,Nothing Further,
001825,2026PU00060,2026-01-18T01:52:00.000000Z,2026-01-17T22:00:00.000000Z,"Meredith South, West Lafayette",40.4255452,-86.9233567,Minor Consumption,Nothing Further,
001825,2026PU00062,2026-01-18T02:06:00.000000Z,2026-01-17T23:57:00.000000Z,"Earhart Hall, West Lafayette",40.4257267,-86.9248279,Minor Consumption,Nothing Further,
001825,2026PU00063,2026-01-18T02:31:00.000000Z,2026-01-18T02:10:00.000000Z,"Meredith Hall, West Lafayette",40.4263027,-86.9232639,Minor Consumption,Nothing Further,
001825,2026PU00065,2026-01-18T04:58:00.000000Z,2026-01-18T04:38:00.000000Z,"Earhart Hall, West Lafayette",40.4257267,-86.9248279,Minor Consumption,Nothing Further,
001825,2026PU00067,2026-01-18T22:46:00.000000Z,2026-01-18T22:17:00.000000Z,"Harrison Hall, West Lafayette",40.4248226,-86.9266029,Minor Consumption,Closed,
001825,2026PU00068,2026-01-19T02:23:00.000000Z,2026-01-18T10:00:00.000000Z,"Honors College South, West Lafayette",40.4259944,-86.9194503,Minor Consumption,Nothing Further,
001825,2026PU00069,2026-01-19T13:18:00.000000Z,2025-11-15T12:00:00.000000Z,"Stewart Center, West Lafayette",40.4250554,-86.9129485,Theft-Bike,Closed,
001825,CAD# 2026-008001,2026-01-16T11:04:00.000000Z,2026-01-16T11:04:00.000000Z,"Phi Kappa Psi, West Lafayette",40.4258686,-86.9080655,Theft-Vehicle,Nothing Further,
001825,CSA,2026-01-16T15:00:00.000000Z,2025-10-01T00:00:00.000000Z,"400 Blk W Wood St, West Lafayette",40.4221251,-86.9103315,Sexual Assault,Nothing Further,
001825,2026PU00047,2026-01-15T14:13:00.000000Z,2026-01-15T10:48:00.000000Z,"3rd & West, West Lafayette",40.4099275,-86.8945973,Fraud,Under Investigation,
001825,2026PU00048,2026-01-15T14:13:00.000000Z,2026-01-15T13:58:00.000000Z,"300 Blk Centennial Mall Dr, West Lafayette",40.4278695,-86.913724,Theft-Bike,Unfounded,
001825,2026PU00036,2026-01-13T16:04:00.000000Z,2026-01-13T15:38:00.000000Z,"Wood St Garage, West Lafayette",40.422813,-86.9100141,Hit & Run,Unfounded,
001825,2026PU00041,2026-01-14T11:18:00.000000Z,2026-12-22T11:30:00.000000Z,"McCutcheon Hall, West Lafayette",40.4246695,-86.9280938,Theft,Under Investigation,
001825,2026PU00042,2026-01-14T12:20:00.000000Z,2026-01-14T11:55:00.000000Z,"3rd & West, West Lafayette",40.4099275,-86.8945973,Fraud,Under Investigation,
001825,2026PU00037,2026-01-13T16:52:00.000000Z,2025-12-15T16:49:00.000000Z,"Phi Gamma Delta, West Lafayette",40.4311348,-86.9187224,Theft,Under Investigation,
001825,CAD# 2026-005709,2026-01-12T16:08:00.000000Z,2026-01-12T16:08:00.000000Z,"US HWY 231 S/Airport Rd, West Lafayette",40.4194302,-86.9304916,Hit & Run,Nothing Further,
001825,CAD# 2026-006023,2026-01-13T01:58:00.000000Z,2026-01-13T01:58:00.000000Z,"Cary Quad East, West Lafayette",40.4320142,-86.9179111,Theft-Bike,Nothing Further,
001825,CAD# 2026-006207,2026-01-13T11:48:00.000000Z,2026-01-13T11:48:00.000000Z,"Mitch Daniels Blvd/Marsteller St, West Lafayette",40.4240652,-86.9137555,Criminal Mischief,Documented In 2026Wl00087,
001825,CAD# 2026-006293,2026-01-13T14:23:00.000000Z,2026-01-13T14:23:00.000000Z,"Lilly Hall, West Lafayette",40.42406,-86.91716,Stalking,Nothing Further,
001825,2026PU00033,2026-01-12T07:27:00.000000Z,2026-01-11T16:30:00.000000Z,"Mackey Arena, West Lafayette",40.4333173,-86.9161119,Theft,Under Investigation,
001825,2026PU00034,,2026-01-12T22:41:00.000000Z,"Frieda Parker Hall, West Lafayette",40.428475,-86.919535,Drug Law Violation,Nothing Further,
001825,2026PU00018,2026-01-09T13:34:00.000000Z,2025-12-17T10:23:00.000000Z,"Shreve Hall, West Lafayette",40.4269878,-86.9246771,Theft,Under Investigation,
001825,2026PU00024,2026-01-10T15:45:00.000000Z,2026-01-10T15:22:00.000000Z,"Wood St Garage, West Lafayette",40.422813,-86.9100141,Criminal Mischief,Suspended,
001825,2026PU00027,2026-01-11T02:23:00.000000Z,2026-01-11T01:40:00.000000Z,"US 231/ S Martin Jischke Dr, West Lafayette",40.4170187,-86.9244316,Drug Law Violation,Arrest Made,
001825,2026PU00028,2026-01-11T04:03:00.000000Z,2026-01-11T02:45:00.000000Z,"US 231/ S River Rd, West Lafayette",40.4080575,-86.9200355,Operating While Intoxicated,Arrest Made,
001825,2026PU00029,2026-01-11T05:40:00.000000Z,2026-01-11T05:22:00.000000Z,"Harrison Hall, West Lafayette",40.4248226,-86.9266029,Minor Consumption,Nothing Further,
001825,2026PU00032,2026-01-11T21:00:00.000000Z,2026-01-11T20:43:00.000000Z,"Hawkins Hall, West Lafayette",40.4228211,-86.9117542,Trespass,Arrest Made,
001825,CAD# 2026-004340,2026-01-09T21:43:00.000000Z,2026-01-09T21:43:00.000000Z,"Provenance Apts, West Lafayette",40.423793,-86.9308034,Burglary,Documented In Wlpd 2026Wl00064,
001825,1 Disciplinary Referral,2025-12-21T11:18:00.000000Z,2025-12-21T11:15:00.000000Z,"Frieda Parker Hall, West Lafayette",40.428475,-86.919535,Liquor Law Violation,Judicial Review,
001825,2 Disciplinary Referrals,2025-12-21T13:03:00.000000Z,2025-12-21T11:30:00.000000Z,"Harrison Hall, West Lafayette",40.4248226,-86.9266029,Liquor Law Violation,Judicial Review,
001825,2 Disciplinary Referrals,2025-12-21T12:24:00.000000Z,2025-12-21T12:00:00.000000Z,"Fuse Apts., West Lafayette",40.4326307,-86.9144615,Liquor Law Violation,Judicial Review,
001825,1 Didciplinary Referral,2025-12-21T14:15:00.000000Z,2025-12-21T12:30:00.000000Z,"Hillenbrand Hall, West Lafayette",40.4268796,-86.9264344,Liquor Law Violation,Judicial Review,
001825,2026PU00015,2026-01-08T14:54:00.000000Z,2025-10-17T14:22:00.000000Z,"Aspire Apts, West Lafayette",40.423625,-86.9246719,Theft,Unfounded,
001825,2026PU00016,2026-01-08T19:47:00.000000Z,2026-01-08T18:35:00.000000Z,"Nelson Hall, West Lafayette",40.4448164,-86.8741349,Harassment,Closed,
001825,CSA,2026-01-07T22:07:00.000000Z,2026-01-07T21:46:00.000000Z,"Elliott Hall of Music, West Lafayette",40.4278603,-86.915007,Theft,Under Investigation,
001825,2026PU00007,2026-01-06T09:22:00.000000Z,2026-01-03T00:01:00.000000Z,"Earhart Hall, West Lafayette",40.4257267,-86.9248279,Criminal Mischief,Under Investigation,
001825,2026PU00010,2026-01-06T16:45:00.000000Z,2026-01-06T16:11:00.000000Z,"US 231/ Cherry Ln, West Lafayette",40.438521,-86.9464586,Drug Law Violation,Closed,
001825,CAD# 2026-000165,2026-01-01T11:11:00.000000Z,2026-01-01T11:11:00.000000Z,"600 Blk S River Rd, West Lafayette",40.4165909,-86.907926,Drug Law Violation,Documented In Wlpd 2026Wl00003,
001825,2026PU00005,2026-01-06T01:01:00.000000Z,2025-12-31T15:29:00.000000Z,"Cary Quadrangle, West Lafayette",40.4320142,-86.9179111,Theft,Under Investigation,
001825,CAD# 2025-000822,2026-01-02T21:44:00.000000Z,2026-01-02T21:44:00.000000Z,"Wood St Garage, West Lafayette",40.422813,-86.9100141,Reckless Driving,Under Investigation,
001825,2 Disciplinary Referrals,2025-12-05T22:56:00.000000Z,2025-12-05T22:00:00.000000Z,"Wiley Hall, West Lafayette",40.4294753,-86.9207055,Liquor Law Violation,Judicial Review,
001825,4 Disciplinary Referrals,2025-12-05T23:40:00.000000Z,2025-12-05T22:15:00.000000Z,"Frieda Parker Hall, West Lafayette",40.428475,-86.919535,Liquor Law Violation,Judicial Review,
001825,7 Disciplinary Referrals,2025-12-06T00:02:00.000000Z,2025-12-05T22:35:00.000000Z,"Owen Hall, West Lafayette",40.4322429,-86.9207113,Liquor Law Violation,Judicial Review,
001825,6 Disciplinary Referrals,2025-12-05T23:40:00.000000Z,2025-12-05T22:50:00.000000Z,"Owen Hall, West Lafayette",40.4322429,-86.9207113,Liquor Law Violation,Judicial Review,
001825,6 Disciplinary Referrals,2025-12-06T00:27:00.000000Z,2025-12-05T23:30:00.000000Z,"Tarkington Hall, West Lafayette",40.43082,-86.920727,Liquor Law Violation,Judicial Review,
001825,2 Disciplinary Referrals,2025-12-06T01:57:00.000000Z,2025-12-06T01:00:00.000000Z,"McCutcheon Hall, West Lafayette",40.4246695,-86.9280938,Liquor Law Violation,Judicial Review,
001825,1 Disciplinary Referral,2025-12-06T03:06:00.000000Z,2025-12-06T02:15:00.000000Z,"Wiley Hall, West Lafayette",40.4294753,-86.9207055,Liquor Law Violation,Judicial Review,
001825,1 Disciplinary Referral,2025-12-06T03:52:00.000000Z,2025-12-06T02:40:00.000000Z,"McCutcheon Hall, West Lafayette",40.4246695,-86.9280938,Drug Law Violation,Judicial Review,
001825,4 Disciplinary Referrals,2025-12-07T00:53:00.000000Z,2025-12-07T00:15:00.000000Z,"Owen Hall, West Lafayette",40.4322429,-86.9207113,Liquor Law Violation,Judicial Review,
001825,1 Disciplinary Referral,2025-12-08T00:10:00.000000Z,2025-12-07T22:30:00.000000Z,"Winifred Parker Hall, West Lafayette",40.4278412,-86.9201552,Drug Law Violation,Judicial Review,
001825,3 Disciplinary Referrals,2025-12-14T22:11:00.000000Z,2025-12-14T21:30:00.000000Z,"Winifred Parker Hall, West Lafayette",40.4278412,-86.9201552,Liquor Law Violation,Judicial Review,
001825,2025PU01852,2025-12-23T22:04:00.000000Z,2025-12-23T20:30:00.000000Z,"Wood St Garage, West Lafayette",40.422813,-86.9100141,Theft-Vehicle (Attempted)/ Criminal Mischief,Under Investigation,
001825,2025PU01857,2025-12-31T12:24:00.000000Z,2025-12-31T11:38:00.000000Z,"Mitch Daniels Blvd/ US 231, West Lafayette",40.4242254,-86.9391861,Drug Law Violation,Arrest Made,
001825,2025PU01858,2025-12-31T22:29:00.000000Z,2025-12-31T22:09:00.000000Z,"Cherry Ln/ US 231, West Lafayette",40.4359074,-86.9456331,Drug Law Violation,Closed,
001825,2026PU00002,2026-01-01T23:57:00.000000Z,2026-01-01T23:29:00.000000Z,"Mitch Daniels Blvd/ Marsteller St, West Lafayette",40.4240652,-86.9137555,Drug Law Violation,Closed,
001825,2025PU01846,2025-12-22T12:16:00.000000Z,2025-12-22T11:35:00.000000Z,"400 Block Mitch Daniels Blvd, West Lafayette",40.4239887,-86.9103412,Drug Law Violation,Nothing Further,
001825,2025PU01847,2025-12-22T17:38:00.000000Z,2025-12-20T14:00:00.000000Z,"CoRec, West Lafayette",40.4282417,-86.9223556,Theft,Under Investigation,
001825,CAD# 2025-196044,2025-12-20T19:53:00.000000Z,2025-12-20T19:53:00.000000Z,"Northwestern Ave/W Stadium Ave, West Lafayette",40.4313682,-86.9139577,Reckless Driver,Nothing Further,
001825,CAD# 2025-196304,2025-12-21T12:14:00.000000Z,2025-12-21T12:14:00.000000Z,"Meredith South Hall, West Lafayette",40.4255452,-86.9233567,Drug Law Violation,Nothing Further,
001825,2025PU01830,2025-12-19T10:13:00.000000Z,2025-12-19T10:00:00.000000Z,"Grant St Garage, West Lafayette",40.4252242,-86.9097224,Hit & Run,Under Investigation,
001825,2025PU01831,2025-12-19T16:10:00.000000Z,2025-12-11T12:00:00.000000Z,"Material Management and Distribution Center, West Lafayette",40.4258686,-86.9080655,Fraud,Under Investigation,
001825,2025PU01832,2025-12-20T00:21:00.000000Z,2025-12-20T00:09:00.000000Z,"Mitch Daniels Blvd/ Martin Jischke Dr, West Lafayette",40.424254,-86.9217274,Minor Consumption,Nothing Further,
001825,2025PU01834,2025-12-20T09:49:00.000000Z,2025-12-20T09:35:00.000000Z,"Mitch Daniels Blvd/ Provenance Blvd, West Lafayette",40.4242564,-86.9338123,Driving Never Receiving License,Arrest Made,
001825,2025PU01837,2025-12-20T13:47:00.000000Z,2025-12-09T12:00:00.000000Z,"Wilmeth Active Learning Center, West Lafayette",40.4273666,-86.9131699,Theft,Under Investigation,
001825,2025PU01838,2025-12-20T13:04:00.000000Z,2025-12-17T15:00:00.000000Z,"Hilltop Apts, West Lafayette",40.4338794,-86.9217225,Theft,Under Investigation,
001825,CAD# 2025-195032,2025-12-18T19:20:00.000000Z,2025-12-18T19:20:00.000000Z,"Honors College, West Lafayette",40.4260368,-86.9194183,Drug Law Violation,Nothing Further,
001825,2025PU01827,2025-12-18T14:48:00.000000Z,2025-12-18T02:30:00.000000Z,"Hawkins Graduate House, West Lafayette",40.4250669,-86.9187976,Criminal Mischief,Under Investigation,
001825,2025PU01828,2025-12-19T01:29:00.000000Z,2025-12-18T20:40:00.000000Z,"CoRec, West Lafayette",40.4282417,-86.9223556,Hit & Run,Under Investigation,
001825,2025PU01829,2025-12-19T02:37:00.000000Z,2025-12-19T02:02:00.000000Z,"Hilltop, West Lafayette",40.4340396,-86.9224439,Minor Consumption,Nothing Further,
001825,2025PU01816,2025-12-17T16:02:00.000000Z,2025-12-13T09:30:00.000000Z,"Lambertus Hall, West Lafayette",40.427197,-86.9114995,Theft-Bike,Under Investigation,
001825,2025PU01817,2025-12-17T16:37:00.000000Z,2025-12-16T12:48:00.000000Z,"Shreve Hall, West Lafayette",40.4269878,-86.9246771,Theft,Under Investigation,
001825,2025PU01818,2025-12-17T19:51:00.000000Z,2025-12-17T19:32:00.000000Z,"Hawkins Hall, West Lafayette",40.4228211,-86.9117542,Theft,Closed,
001825,2025PU01818,2025-12-17T19:51:00.000000Z,2025-12-10T11:30:00.000000Z,"Hawkins Hall, West Lafayette",40.4228211,-86.9117542,Theft,Under Investigation,
001825,2025PU01812,2025-12-16T16:41:00.000000Z,2025-12-16T16:04:00.000000Z,"Niswonger Building, West Lafayette",40.4162784,-86.9293968,Fraud,Under Investigation,
001825,2025PU01814,2025-12-16T19:28:00.000000Z,2025-12-13T17:00:00.000000Z,"Wiley Hall, West Lafayette",40.4294753,-86.9207055,Theft-Bike,Suspended,
001825,2025PU01815,2025-12-16T21:28:00.000000Z,2025-12-15T12:00:00.000000Z,"Meredith South, West Lafayette",40.4255452,-86.9233567,Burglary,Suspended,
001825,CAD# 2025-193447,2025-12-15T23:24:00.000000Z,2025-12-15T23:24:00.000000Z,"Wiley Hall, West Lafayette",40.4294753,-86.9207055,Drug Law Violation,Nothing Further,
001825,CSA,2025-12-16T19:00:00.000000Z,2025-12-16T13:00:00.000000Z,"Shreve Hall, West Lafayette",40.4269878,-86.9246771,Theft,Nothing Further,
001825,2025PU01785,2025-12-11T07:02:00.000000Z,2025-12-10T13:00:00.000000Z,"Owen Hall, West Lafayette",40.4322429,-86.9207113,Blackmail,Under Investigation,
001825,2025PU01790,2025-12-12T09:41:00.000000Z,2025-12-08T13:20:00.000000Z,"Stewart Center, West Lafayette",40.4250554,-86.9129485,Hit & Run,Arrest Made,
001825,2025PU01792,2025-12-12T15:29:00.000000Z,2025-10-29T17:45:00.000000Z,"Lilly Hall, West Lafayette",40.42406,-86.91716,Theft-EMPV,Under Investigation,
001825,2025PU01793,2025-12-12T16:03:00.000000Z,2025-12-12T13:37:00.000000Z,"Alpha Kappa Lambda, West Lafayette",40.4286943,-86.9182764,Harassment,Under Investigation,
001825,2025PU01797,2025-12-13T00:13:00.000000Z,2025-12-12T23:50:00.000000Z,"Tarkington Hall, West Lafayette",40.43082,-86.920727,Minor Consumption,Closed,
001825,2025PU01798,2025-12-13T00:29:00.000000Z,2025-12-13T00:09:00.000000Z,"Wilmeth Active Learning Center, West Lafayette",40.4273666,-86.9131699,Public Intoxication/ Minor Consumption,Closed,
001825,2025PU01800,2025-12-13T00:57:00.000000Z,2025-12-13T00:37:00.000000Z,"Glenwood Cooperative, West Lafayette",40.4294613,-86.9170468,Minor Consumption,Pending Prosecutor Review,
001825,2025PU01802,2025-12-13T05:15:00.000000Z,2025-12-13T04:47:00.000000Z,"Hillenbrand Hall, West Lafayette",40.4268796,-86.9264344,Minor Consumption,Closed,
001825,2025PU01804,2025-12-13T11:45:00.000000Z,2025-12-12T22:50:00.000000Z,"Owen Hall, West Lafayette",40.4322429,-86.9207113,Theft-Bike,Under Investigation,
001825,2025PU01806,2025-12-13T23:34:00.000000Z,2025-12-13T23:13:00.000000Z,"Shreve Hall, West Lafayette",40.4269878,-86.9246771,Minor Consumption,Closed,
001825,2025PU01808,2025-12-14T08:25:00.000000Z,2025-12-13T22:00:00.000000Z,"Purdue Memorial Union Hotel, West Lafayette",40.4249442,-86.9106786,Harassment,Under Investigation,
001825,CAD# 2025-191272,2025-12-12T00:14:00.000000Z,2025-12-12T00:14:00.000000Z,"Owen Hall, West Lafayette",40.4322429,-86.9207113,Drug Law Violation,Nothing Further,
001825,CAD# 2025-191573,2025-12-12T12:40:00.000000Z,2025-12-12T12:40:00.000000Z,"PMU, West Lafayette",40.4247239,-86.9105463,Theft,Nothing Further,
001825,2025PU01788,2025-12-11T18:27:00.000000Z,2025-12-11T12:00:00.000000Z,"1000 Mitch Daniels Blvd, West Lafayette",40.4245596,-86.9182629,Fraud,Under Investigation,
001825,2025PU01789,2025-12-11T22:59:00.000000Z,2025-12-11T16:00:00.000000Z,"Krannert Center, West Lafayette",40.4235193,-86.9109128,Theft-EMPV,Under Investigation,
001825,CAD# 2025-190491,2025-12-10T19:40:00.000000Z,2025-12-10T19:40:00.000000Z,"US HWY 231 S/Airport Rd, West Lafayette",40.4194302,-86.9304916,Reckless Driver,Nothing Further,
001825,CAD# 2025-190500,2025-12-10T19:48:00.000000Z,2025-12-10T19:48:00.000000Z,"US HWY 231 S/S River Rd, West Lafayette",40.4080575,-86.9200355,Operating w/out Ever Receiving a License,Documented 2025Wl02916,
001825,CAD# 2025-190614,2025-12-10T23:54:00.000000Z,2025-12-10T23:54:00.000000Z,"Hillenbrand Hall, West Lafayette",40.4268796,-86.9264344,Drug Law Violation,Nothing Further,
001825,2025PU01786,2025-12-10T21:52:00.000000Z,2025-12-01T12:00:00.000000Z,"Northwestern Parking Garage, West Lafayette",40.4439701,-86.9200809,Theft-EMPV,Under Investigation,
001825,2025PU01773,2025-12-08T12:43:00.000000Z,2025-10-20T00:00:00.000000Z,"Honors College North, West Lafayette",40.4271263,-86.9196382,Fraud,Under Investigation,
001825,2025PU01775,2025-12-08T15:19:00.000000Z,2025-12-01T15:00:00.000000Z,"Beta Upsilon Chi, West Lafayette",40.4319737,-86.9270041,Theft-Bike,Under Investigation,
001825,2025PU01776,2025-12-08T16:25:00.000000Z,2025-12-08T15:57:00.000000Z,"Cary Quadrangle, West Lafayette",40.4320142,-86.9179111,Theft,Under Investigation,
001825,2025PU01779,2025-12-09T00:25:00.000000Z,2025-12-08T23:55:00.000000Z,"Tarkington Hall, West Lafayette",40.43082,-86.920727,Criminal Mischief,Pending Prosecutor Review,
001825,2025PU01780,2025-12-09T02:02:00.000000Z,2025-12-09T01:31:00.000000Z,"1st St/ N Martin Jischke Dr, West Lafayette",40.4286453,-86.9216704,Drug Law Violation,Nothing Further,
001825,CAD# 2025-188255,2025-12-06T15:21:00.000000Z,2025-12-06T15:21:00.000000Z,"Grant St Parking Garage, West Lafayette",40.4252242,-86.9097224,Drug Law Violation,Nothing Further,
001825,CAD# 2025-188469,2025-12-06T23:03:00.000000Z,2025-12-06T23:03:00.000000Z,"Continuum, West Lafayette",40.4231147,-86.9274673,Drug Law Violation,Nothing Further,
001825,CSA,2025-12-04T22:00:00.000000Z,2025-12-04T01:45:00.000000Z,"400 Blk W Wood St, West Lafayette",40.4221251,-86.9103315,Stalking,Nothing Further,
001825,CSA,2025-12-08T16:00:00.000000Z,2025-12-08T11:30:00.000000Z,"Young Hall, West Lafayette",40.4227643,-86.9106962,Fight,Nothing Further,
001825,2025PU01760,2025-12-05T20:23:00.000000Z,2025-12-05T19:25:00.000000Z,"TREC, West Lafayette",40.4285,-86.924256,Theft,Under Investigation,
001825,2025PU01761,2025-12-06T01:08:00.000000Z,2025-12-06T00:46:00.000000Z,"McCutcheon Hall, West Lafayette",40.4246695,-86.9280938,Minor Consumption,Closed,
001825,2025PU01762,2025-12-06T01:19:00.000000Z,2025-12-06T01:00:00.000000Z,"414 N Russell St, West Lafayette",40.4289054,-86.9188754,Minor Consumption,Pending Prosecutor Review,
001825,2025PU01763,2025-12-06T02:28:00.000000Z,2025-12-06T02:08:00.000000Z,"Wiley Hall, West Lafayette",40.4294753,-86.9207055,Minor Consumption,Closed,
001825,2025PU01767,2025-12-06T23:57:00.000000Z,2025-12-06T23:34:00.000000Z,"Meredith Hall, West Lafayette",40.4263027,-86.9232639,Minor Consumption,Closed,
001825,2025PU01768,2025-12-07T01:29:00.000000Z,2025-12-07T01:08:00.000000Z,"Honors College North, West Lafayette",40.4271263,-86.9196382,Minor Consumption,Closed,
001825,2025PU01769,2025-12-07T02:26:00.000000Z,2025-12-07T02:05:00.000000Z,"Hilltop Apts, West Lafayette",40.4338794,-86.9217225,Minor Consumption,Closed,
001825,2025PU01771,2025-12-07T23:00:00.000000Z,2025-12-07T22:35:00.000000Z,"Winifred Parker Hall, West Lafayette",40.4278412,-86.9201552,Drug Law Violation,Nothing Further,
001825,2025PU01772,2025-12-07T23:06:00.000000Z,2025-12-04T19:00:00.000000Z,"300 Blk Waldron St, West Lafayette",40.4272582,-86.917923,Theft,Under Investigation,
001825,2025PU01754,2025-12-04T16:41:00.000000Z,2025-12-04T15:30:00.000000Z,"1300 Blk Beering Dr, West Lafayette",40.437008,-86.9195675,Hit & Run,Under Investigation,
001825,2025PU01755,2025-12-04T17:10:00.000000Z,2025-12-04T16:15:00.000000Z,"1200 Blk 3rd St, West Lafayette",40.427328,-86.9207264,Voyeurism,Arrest Made,
001825,2025PU01757,2025-12-04T23:10:00.000000Z,2025-12-04T13:30:00.000000Z,"Lambertus Hall, West Lafayette",40.427197,-86.9114995,Theft,Under Investigation,
001825,2025PU01758,2025-12-04T23:28:00.000000Z,2025-12-04T23:17:00.000000Z,"CoRec, West Lafayette",40.4282417,-86.9223556,Theft,Under Investigation,
001825,CAD# 2025-186671,2025-12-03T22:47:00.000000Z,2025-12-03T22:47:00.000000Z,"Meredith South Hall, West Lafayette",40.4255452,-86.9233567,Drug Law Violation,Nothing Further,
001825,2025PU01749,2025-12-03T15:50:00.000000Z,2025-11-24T03:00:00.000000Z,"Hawkins, West Lafayette",40.4228211,-86.9117542,Burglary,Under Investigation,
001825,2025PU01751,2025-12-03T21:00:00.000000Z,2025-12-03T18:45:00.000000Z,"CoRec, West Lafayette",40.4282417,-86.9223556,Theft,Under Investigation,
001825,2025PU01752,2025-12-03T21:58:00.000000Z,2025-12-03T19:30:00.000000Z,"Windsor Halls, West Lafayette",40.4263183,-86.9209749,Computer Trespass/ Intimidation,Under Investigation,
001825,CAD# 2025-185690,2025-12-02T11:53:00.000000Z,2025-12-02T11:53:00.000000Z,"Wood St Parking Garage, West Lafayette",40.4228973,-86.9099464,Reckless Driver,Nothing Further,
001825,2025PU01745,2025-12-02T21:10:00.000000Z,2025-12-02T20:55:00.000000Z,"Shreve Hall, West Lafayette",40.4269878,-86.9246771,Criminal Mischief,Under Investigation,
001825,2025PU01746,2025-12-02T22:17:00.000000Z,2025-11-26T17:38:00.000000Z,"Aspire Apts, West Lafayette",40.423625,-86.9246719,Theft,Under Investigation,
001825,CAD# 2025-185441,2025-12-01T21:27:00.000000Z,2025-12-01T21:27:00.000000Z,"400 Blk N Martin Jischke Dr, West Lafayette",40.4285781,-86.9216708,Reckless Driver,Nothing Further,
001825,CAD# 2025-185445,2025-12-01T21:34:00.000000Z,2025-12-01T21:34:00.000000Z,"Airport Rd/ Aviation Dr, West Lafayette",40.4167737,-86.9298844,Reckless Driver,Nothing Further,
001825,2025PU01741,2025-12-01T07:57:00.000000Z,2025-11-26T18:00:00.000000Z,"Heine Pharmacy Building, West Lafayette",40.4297676,-86.9159009,Theft,Under Investigation,
001825,2025PU01742,2025-12-01T13:17:00.000000Z,2025-11-26T17:00:00.000000Z,"Heine Pharmacy Building, West Lafayette",40.4297676,-86.9159009,Criminal Mischief/ Theft,Under Investigation,
001825,CAD# 2025-183151,2025-11-27T17:07:00.000000Z,2025-11-27T17:07:00.000000Z,"US HWY 231 S/Airport Rd, West Lafayette",40.4194302,-86.9304916,Reckless Driver,Nothing Further,
001825,CAD# 2025-183307,2025-11-28T00:53:00.000000Z,2025-11-28T00:53:00.000000Z,"Ross-Ade Stadium, West Lafayette",40.434359,-86.9184385,Trespass,Nothing Further,
001825,CAD# 2025-183683,2025-11-28T19:44:00.000000Z,2025-11-28T19:44:00.000000Z,"Cherry Ln/Northwestern Ave, West Lafayette",40.4388754,-86.9173049,Public Intoxication,Nothing Further,
001825,CAD# 2025-184194,2025-11-29T15:18:00.000000Z,2025-11-29T15:18:00.000000Z,"Phi Kappa Sigma, West Lafayette",40.4256273,-86.9030777,Criminal Mischief,Documented 2025Wl02826,
001825,CAD# 2025-184265,2025-11-29T17:48:00.000000Z,2025-11-29T17:48:00.000000Z,"W Stadum Ave/McCormick Rd, West Lafayette",40.4448461,-86.9436735,Hit & Run,Nothing Further,
001825,CAD# 2025-184880,2025-11-30T22:57:00.000000Z,2025-11-30T22:57:00.000000Z,"Winifred Parker Hall, West Lafayette",40.4278412,-86.9201552,Drug Law Violation,Nothing Further,
001825,8 Disciplinary Referrals,2025-11-15T01:39:00.000000Z,2025-11-15T00:15:00.000000Z,"3rd and West Apts., West Lafayette",40.4264126,-86.9084198,Liquor Law Violation,Judicial Review,
001825,3 Disciplinary Referrals,2025-11-15T17:20:00.000000Z,2025-11-15T15:00:00.000000Z,"Owen Hall, West Lafayette",40.4322429,-86.9207113,Liquor Law Violation,Judicial Review,
001825,3 Disciplinary Referrals,2025-11-20T01:59:00.000000Z,2025-11-20T00:45:00.000000Z,"Hawkins Hall, West Lafayette",40.4228211,-86.9117542,Liquor Law Violation,Judicial Review,
001825,1 Disciplinary Referral,2025-11-24T14:46:00.000000Z,2025-11-21T00:00:00.000000Z,"Meredith South, West Lafayette",40.4255452,-86.9233567,Liquor Law Violation,Judicial Review,
001825,6 Disciplinary Referrals,2025-11-22T00:03:00.000000Z,2022-11-21T22:00:00.000000Z,"Owen Hall, West Lafayette",40.4322429,-86.9207113,Liquor Law Violation,Judicial Review,
001825,9 Disciplinary Referrals,2025-11-22T02:02:00.000000Z,2025-11-22T00:30:00.000000Z,"Owen Hall, West Lafayette",40.4322429,-86.9207113,Liquor Law Violation,Judicial Review,
001825,1 Disciplinary Referral,2025-11-25T01:59:00.000000Z,2025-11-22T01:00:00.000000Z,"Honors College, West Lafayette",40.4260368,-86.9194183,Drug Law Violation,Judicial Review,
001825,1 Disciplinary Referral,2025-11-22T10:53:00.000000Z,2025-11-22T07:00:00.000000Z,"Hawkins Hall, West Lafayette",40.4228211,-86.9117542,Liquor Law Violation,Judicial Review,
001825,3 Disciplinary Referrals,2025-11-22T21:21:00.000000Z,2025-11-22T20:45:00.000000Z,"Winifred Parker Hall, West Lafayette",40.4278412,-86.9201552,Liquor Law Violation,Judicial Review,
001825,1 Disciplinary Referral,2025-11-24T11:40:00.000000Z,2025-11-23T03:04:00.000000Z,"Owen Hall, West Lafayette",40.4322429,-86.9207113,Drug Law Violation,Judicial Review,
001825,1 Disciplinary Referral,2025-11-25T02:20:00.000000Z,2025-11-25T01:00:00.000000Z,"Windsor Hall, West Lafayette",40.4263183,-86.9209749,Drug Law Violation,Judicial Review,
001825,2025PU01724,2025-11-27T14:09:00.000000Z,2025-11-26T15:30:00.000000Z,"Shreve Hall, West Lafayette",40.4269878,-86.9246771,Blackmail,Under Investigation,
001825,2025PU01726,2025-11-27T23:27:00.000000Z,2025-11-27T22:47:00.000000Z,"Mitch Daniels Blvd/ Marsteller St, West Lafayette",40.4240652,-86.9137555,Driving Never Receiving License,Arrest Made,
001825,2025PU01729,2025-11-28T20:49:00.000000Z,2025-11-28T20:30:00.000000Z,"Ross Ade Stadium, West Lafayette",40.434359,-86.9184385,Minor Consumption,Closed,
001825,2025PU01730,2025-11-28T20:55:00.000000Z,2025-11-28T20:55:00.000000Z,"Ross Ade Stadium, West Lafayette",40.434359,-86.9184385,Minor Consumption,Closed,
001825,2025PU01731,2025-11-28T21:10:00.000000Z,2025-11-28T21:00:00.000000Z,"Ross Ade Stadium, West Lafayette",40.434359,-86.9184385,Battery,Closed,
001825,2025PU01733,2025-11-29T13:16:00.000000Z,2025-11-20T19:00:00.000000Z,"Krannert Center, West Lafayette",40.4235193,-86.9109128,Theft-Bike,Under Investigation,
001825,2025PU01736,2025-11-30T11:13:00.000000Z,2025-11-28T23:16:00.000000Z,"Meredith South, West Lafayette",40.4255452,-86.9233567,Theft-Bike,Under Investigation,
001825,2025PU01737,2025-11-30T18:23:00.000000Z,2025-11-30T17:34:00.000000Z,"Meredith South, West Lafayette",40.4255452,-86.9233567,Theft,Under Investigation,
001825,2025PU01738,2025-11-30T19:17:00.000000Z,2025-11-30T18:50:00.000000Z,"3rd & West, West Lafayette",40.4099275,-86.8945973,Fraud,Under Investigation,
001825,2025PU01739,2025-11-30T22:58:00.000000Z,2025-11-30T22:31:00.000000Z,"Ahlers Dr/ S River Rd, West Lafayette",40.416321,-86.9081474,Drug Law Violation,Closed,
